:ID(node),name,:LABEL
1,12F,中文代号
2,12F,英文代号
3,12F,日文代号
4,海猫络合物,画师
5,佐藤拓也,配音
6,男,性别
7,双鱼,星座
8,3,出生月
9,不明,出生地
10,萨弗拉,种族
11,181.0,身高
12,2.0,物理强度
13,3.0,战场机动
14,2.0,生理耐受
15,2.0,战术规划
16,2.0,战斗技巧
17,2.0,源石技艺适应性
18,非感染者,是否为感染者
19,0.0,体细胞与源石融合率
20,0.09,血液源石结晶密度
21,外包装老旧的巧克力。背面潦草地写着“圣诞快乐”。,信物描述
22,术师,职业类型
23,罗德岛,活跃领域
24,远程位,作战范围
25,新手,能力标签
26,攻击造成群体法术伤害,特性
27,部署减费,潜能
28,攻击加强,潜能
29,再部署提速,潜能
30,70.0,再部署时长
31,24,部署费用-初始
32,24,部署费用-最终
33,1,最大阻挡数
34,2.9,攻击间隔
35,1378.0,生命上限
36,400.0,攻击值
37,50.0,防御值
38,10.0,法术抗性
39,2星,稀有度
40,否,是否限定
41,2019-04-30,上线时间
42,Castle-3,中文代号
43,Castle-3,英文代号
44,Castle-3,日文代号
45,TOKI,画师
46,阿部敦,配音
47,射手,星座
48,12,出生月
49,哥伦比亚,出生地
50,Castle-3,种族
51,167.0,身高
52,23.0,最高速度
53,2.0,爬坡能力
54,2.0,制动效能
55,2.0,通过性
56,3.0,续航
57,2.0,结构稳定性
58,一面坚固的便携装甲板。不含使用说明书。,信物描述
59,近卫,职业类型
60,近战位,作战范围
61,支援,能力标签
62,支援机械,能力标签
63,"能够阻挡一个敌人,且不受部署数量限制,但再部署时间极长",特性
64,200.0,再部署时长
65,3,部署费用-初始
66,3,部署费用-最终
67,1.5,攻击间隔
68,1106.0,生命上限
69,316.0,攻击值
70,90.0,防御值
71,0.0,法术抗性
72,1星,稀有度
73,Lancet-2,中文代号
74,Lancet-2,英文代号
75,Lancet-2,日文代号
76,下田麻美,配音
77,金牛,星座
78,5,出生月
79,Lancet-2,种族
80,149.0,身高
81,15.0,最高速度
82,外盒上标注着“一喷起效”的医疗喷雾套组。可以插入医用器械，也可以直接使用。,信物描述
83,医疗,职业类型
84,治疗,能力标签
85,"恢复友方单位生命,且不受部署数量限制,但再部署时间极长",特性
86,2.85,攻击间隔
87,435.0,生命上限
88,70.0,攻击值
89,27.0,防御值
90,THRM-EX,中文代号
91,Thermal-EX,英文代号
92,THRM-EX,日文代号
93,绿川光,配音
94,水瓶,星座
95,2,出生月
96,Thermal-EX ,种族
97,160.0,身高
98,22.2,最高速度
99,0.0,续航
100,"一根发光的储热芯，包装上面用黑色的特别粗的印刷体字打印着 ""感受热情！""",信物描述
101,特种,职业类型
102,爆发,能力标签
103,"不进行攻击,且不受部署数量限制,但再部署时间极长",特性
104,0,最大阻挡数
105,0.93,攻击间隔
106,1443.0,生命上限
107,260.0,攻击值
108,443.0,防御值
109,50.0,法术抗性
110,2020-05-01,上线时间
111,W,中文代号
112,W,英文代号
113,W,日文代号
114,Liduke,画师
115,竹达彩奈,配音
116,女,性别
117,卡兹戴尔,出生地
118,萨卡兹,种族
119,165.0,身高
120,2.0,战场机动
121,3.0,生理耐受
122,4.0,战术规划
123,3.0,战斗技巧
124,感染者,是否为感染者
125,14.0,体细胞与源石融合率
126,0.29,血液源石结晶密度
127,一张W比着“V”手势的自拍照片。照片的一角是另一名白发的萨卡兹女性，她似乎正站在不远处与其他人交谈。,信物描述
128,狙击,职业类型
129,巴别塔,活跃领域
130,输出,能力标签
131,控场,能力标签
132,攻击造成群体物理伤害,特性
133,25,部署费用-初始
134,29,部署费用-最终
135,2.8,攻击间隔
136,1605.0,生命上限
137,912.0,攻击值
138,133.0,防御值
139,6星,稀有度
140,是,是否限定
141,傀影,中文代号
142,Phantom,英文代号
143,ファントム,日文代号
144,Skade,画师
145,石田彰,配音
146,摩羯,星座
147,1,出生月
148,维多利亚,出生地
149,菲林,种族
150,185.0,身高
151,4.0,战场机动
152,3.0,战术规划
153,0.35,血液源石结晶密度
154,一张老旧的乐谱。音符与字迹都已在岁月中模糊不清。,信物描述
155,维多利亚,活跃领域
156,快速复活,能力标签
157,再部署时间大幅度减少,特性
158,生命提升,潜能
159,18.0,再部署时长
160,8,部署费用-初始
161,10,部署费用-最终
162,1645.0,生命上限
163,558.0,攻击值
164,322.0,防御值
165,2020-04-21,上线时间
166,调香师,中文代号
167,Perfumer,英文代号
168,パフューマー,日文代号
169,Lanzi,画师
170,高桥李依,配音
171,米诺斯,出生地
172,沃尔珀,种族
173,158.0,身高
174,3.0,源石技艺适应性
175,3.0,体细胞与源石融合率
176,0.2,血液源石结晶密度
177,富有米诺斯古典时代气息的双耳花瓶。需赠送者本人定期更换新鲜花卉。,信物描述
178,同时恢复三个友方单位的生命,特性
179,14,部署费用-初始
180,16,部署费用-最终
181,1560.0,生命上限
182,320.0,攻击值
183,145.0,防御值
184,4星,稀有度
185,临光,中文代号
186,Nearl,英文代号
187,ニアール,日文代号
188,竜崎いち,画师
189,佐仓绫音,配音
190,4,出生月
191,卡西米尔,出生地
192,库兰塔,种族
193,171.0,身高
194,3.0,物理强度
195,古旧褪色的卡西米尔骑士纹章。乌银雕饰的天马振翅欲飞。,信物描述
196,重装,职业类型
197,使徒,活跃领域
198,防护,能力标签
199,技能可以治疗友方单位,特性
200,防御加强,潜能
201,17,部署费用-初始
202,21,部署费用-最终
203,3,最大阻挡数
204,1.2,攻击间隔
205,2780.0,生命上限
206,462.0,攻击值
207,575.0,防御值
208,5星,稀有度
209,乌有,中文代号
210,Mr.Nothing,英文代号
211,诹访部顺一,配音
212,炎,出生地
213,黎博利,种族
214,187.0,身高
215,0.12,血液源石结晶密度
216,一把纸扇，扇骨使用了特殊的材质，扇面则写着“子虚乌有”。,信物描述
217,炎,活跃领域
218,"再部署时间减少,撤退时不返还部署费用,在场时每3秒消耗3点部署费用(不足时自动撤退)",特性
219,25.0,再部署时长
220,6,部署费用-初始
221,8,部署费用-最终
222,1.0,攻击间隔
223,2398.0,生命上限
224,725.0,攻击值
225,396.0,防御值
226,2021-02-05,上线时间
227,亚叶,中文代号
228,Folinic,英文代号
229,フォリニック,日文代号
230,m9nokuro,画师
231,近藤玲奈,配音
232,狮子,星座
233,8,出生月
234,乌萨斯,出生地
235,164.0,身高
236,4.0,体细胞与源石融合率
237,0.22,血液源石结晶密度
238,一张科普海报。详细阐述了各种亚健康情况及治疗方法，不知为何背面附上了大量骇人听闻的真实案例。,信物描述
239,恢复友方单位生命,特性
240,80.0,再部署时长
241,19,部署费用-初始
242,1585.0,生命上限
243,479.0,攻击值
244,2020-07-09,上线时间
245,伊桑,中文代号
246,Ethan,英文代号
247,イーサン,日文代号
248,阿鬼,画师
249,吉野裕行,配音
250,未公开,出生地
251,163.0,身高
252,2.0,体细胞与源石融合率
253,0.26,血液源石结晶密度
254,一枚金属质地的悠悠球。用来炫技时千万不要砸到围观者。,信物描述
255,对攻击范围内所有敌人造成伤害,特性
256,拥有50%的物理和法术闪避且不容易成为敌人的攻击目标,特性
257,19,部署费用-最终
258,3.5,攻击间隔
259,1530.0,生命上限
260,742.0,攻击值
261,337.0,防御值
262,30.0,法术抗性
263,2019-11-01,上线时间
264,伊芙利特,中文代号
265,Ifrit,英文代号
266,イフリータ,日文代号
267,NoriZC,画师
268,花守由美里,配音
269,巨蟹,星座
270,7,出生月
271,0.0,战术规划
272,4.0,源石技艺适应性
273,19.0,体细胞与源石融合率
274,0.51,血液源石结晶密度
275,有着严重烧灼痕迹的长篇传奇故事书。勉强还可以读。,信物描述
276,哥伦比亚,活跃领域
277,莱茵生命,活跃领域
278,群攻,能力标签
279,削弱,能力标签
280,攻击造成超远距离的群体法术伤害,特性
281,31,部署费用-初始
282,34,部署费用-最终
283,1680.0,生命上限
284,870.0,攻击值
285,130.0,防御值
286,20.0,法术抗性
287,克洛丝,中文代号
288,Kroos,英文代号
289,クルース,日文代号
290,下野宏铭,画师
291,田所梓,配音
292,天蝎,星座
293,11,出生月
294,雷姆必拓,出生地
295, 卡特斯,种族
296,154.0,身高
297,8.0,体细胞与源石融合率
298,0.23,血液源石结晶密度
299,一套儿童射击玩具。包含有一把塑料弓，数支吸盘箭，以及替代箭靶的一个苹果。,信物描述
300,行动预备组A1,活跃领域
301,优先攻击空中单位,特性
302,9,部署费用-初始
303,11,部署费用-最终
304,1060.0,生命上限
305,375.0,攻击值
306,126.0,防御值
307,3星,稀有度
308,凛冬,中文代号
309,Зима,英文代号
310,ズィマー,日文代号
311,小清水亚美,配音
312,乌萨斯,种族
313,162.0,身高
314,0.1,血液源石结晶密度
315,从红色的旗帜上撕下的布条。不知为何，将它系在臂膀上时，会不自主地感到悲伤。,信物描述
316,先锋,职业类型
317,乌萨斯,活跃领域
318,乌萨斯学生自治团,活跃领域
319,费用回复,能力标签
320,能够阻挡两个敌人,特性
321,11,部署费用-初始
322,13,部署费用-最终
323,2,最大阻挡数
324,1.05,攻击间隔
325,2150.0,生命上限
326,470.0,攻击值
327,350.0,防御值
328,初雪,中文代号
329,Pramanix,英文代号
330,プラマニクス,日文代号
331,早见沙织,配音
332,谢拉格,出生地
333,161.0,身高
334,0.11,血液源石结晶密度
335,小小的银色铃铛。微风吹拂之下，幽远的铃声沁人心脾。,信物描述
336,辅助,职业类型
337,谢拉格,活跃领域
338,喀兰贸易,活跃领域
339,攻击造成法术伤害,特性
340,天赋强化,潜能
341,10,部署费用-初始
342,12,部署费用-最终
343,1.6,攻击间隔
344,430.0,攻击值
345,102.0,防御值
346,25.0,法术抗性
347,刻俄柏,中文代号
348,Ceobe,英文代号
349,ケオベ,日文代号
350,LM7,画师
351,濑户麻沙美,配音
352,玻利瓦尔,出生地
353,佩洛,种族
354,153.0,身高
355,4.0,生理耐受
356,9.0,体细胞与源石融合率
357,0.31,血液源石结晶密度
358,花了好长时间才叠出来的短刀纸模。歪歪扭扭，满是折痕，不怎么精致。收到的人会喜欢吗？,信物描述
359,1565.0,生命上限
360,667.0,攻击值
361,128.0,防御值
362,2020-02-25,上线时间
363,刻刀,中文代号
364,Cutter,英文代号
365,カッター,日文代号
366,矢作纱友里,配音
367,155.0,身高
368,一枚手工雕刻的护身符，因制作者在雕制时总是用力过猛而充满伤痕。,信物描述
369,普通攻击连续造成两次伤害,特性
370,1.3,攻击间隔
371,2320.0,生命上限
372,571.0,攻击值
373,325.0,防御值
374,华法琳,中文代号
375,Warfarin,英文代号
376,ワルファリン,日文代号
377,时辰,画师
378,石见舞菜香,配音
379,6,出生月
380,157.0,身高
381,被封存在透明小瓶的神秘液体。粘稠而富有光泽的红色在你的晃动之下，于瓶中缓缓地改变着形态。,信物描述
382,1520.0,生命上限
383,505.0,攻击值
384,125.0,防御值
385,卡夫卡,中文代号
386,Kafka,英文代号
387,富田美忧,配音
388,5.0,体细胞与源石融合率
389,0.19,血液源石结晶密度
390,一盆精心打理过的盆栽，附赠一张卡片，上面写着：“土里埋了一把匕首，必要的时候可以拿来削苹果哦。”,信物描述
391,7,部署费用-初始
392,9,部署费用-最终
393,1675.0,生命上限
394,525.0,攻击值
395,311.0,防御值
396,2020-12-17,上线时间
397,卡缇,中文代号
398,Cardigan,英文代号
399,カーディ,日文代号
400,一立里子,画师
401,浅仓杏美,配音
402,莱塔尼亚,出生地
403,156.0,身高
404,用质地坚实的木材打造的雪橇。突然开始期待下雪。,信物描述
405,行动预备组A4,活跃领域
406,能够阻挡三个敌人,特性
407,16,部署费用-初始
408,18,部署费用-最终
409,2130.0,生命上限
410,305.0,攻击值
411,475.0,防御值
412,卡达,中文代号
413,Click,英文代号
414,カシャ,日文代号
415,れおえん,画师
416,黑濑优子,配音
417,札拉克,种族
418,144.0,身高
419,一张塞满内容的光盘，里面全是卡达近年来制作的高人气视频。包含了花絮和未删减部分，某些场景一刀未切。,信物描述
420,操作浮游单元造成法术伤害,特性
421,单元攻击同一敌人伤害提升(最高造成干员110%攻击力的伤害),特性
422,攻速加强,潜能
423,18,部署费用-初始
424,20,部署费用-最终
425,1440.0,生命上限
426,315.0,攻击值
427,120.0,防御值
428,古米,中文代号
429,Гум,英文代号
430,グム,日文代号
431,高森奈津美,配音
432,天秤,星座
433,10,出生月
434,一张“古米早餐厨房”优惠卷。-100%是不是免费的意思......？,信物描述
435,2550.0,生命上限
436,435.0,攻击值
437,562.0,防御值
438,可颂,中文代号
439,Croissant,英文代号
440,クロワッサン,日文代号
441,幻象黑兔,画师
442,久保百合花,配音
443,9,出生月
444,丰蹄,种族
445,一张设计得十分少女的名片。比起寻常名片多出了一个收款码和“请多惠顾~”的字样。,信物描述
446,炎-龙门,活跃领域
447,企鹅物流,活跃领域
448,位移,能力标签
449,22,部署费用-最终
450,3520.0,生命上限
451,380.0,攻击值
452,710.0,防御值
453,史尔特尔,中文代号
454,Surtr,英文代号
455,Ask,画师
456,堀江由衣,配音
457,0.0,源石技艺适应性
458,1.0,体细胞与源石融合率
459,一份填满地名的复印文档，其中小部分已被红笔划去。要是有空，你可以帮忙探查这些地点。,信物描述
460,1.25,攻击间隔
461,2916.0,生命上限
462,672.0,攻击值
463,414.0,防御值
464,15.0,法术抗性
465,2020-09-24,上线时间
466,史都华德,中文代号
467,Steward,英文代号
468,スチュワード,日文代号
469,铃木千寻,配音
470,172.0,身高
471,0.3,血液源石结晶密度
472,时兴的运动臂环。似乎是外观较为朴素的单色版。,信物描述
473,1100.0,生命上限
474,吽,中文代号
475,Hung,英文代号
476,ウン,日文代号
477,KuroBlood,画师
478,日野聪,配音
479,龙门,出生地
480,183.0,身高
481,一本吽亲自整理和撰写的，各季节家常推荐食谱，上面的菜都好做又好吃。,信物描述
482,鲤氏侦探事务所,活跃领域
483,2823.0,生命上限
484,442.0,攻击值
485,585.0,防御值
486,2020-01-16,上线时间
487,嘉维尔,中文代号
488,Gavial,英文代号
489,ガヴィル,日文代号
490,LLC,画师
491,诹访彩花,配音
492,阿达克利斯,种族
493,15.0,体细胞与源石融合率
494,一套按摩工具。可以用它缓解身体被奇怪的医疗法术折腾之后产生的疲劳感。,信物描述
495,1580.0,生命上限
496,450.0,攻击值
497,152.0,防御值
498,四月,中文代号
499,April,英文代号
500,田中美海,配音
501,卡特斯,种族
502,0.17,血液源石结晶密度
503,一张全新包装的收录了《四月》这首歌的专辑，上面用缎带绑了一个蝴蝶结。,信物描述
504,雷姆必拓,活跃领域
505,1280.0,生命上限
506,528.0,攻击值
507,160.0,防御值
508,因陀罗,中文代号
509,Indra,英文代号
510,インドラ,日文代号
511,Infukun,画师
512,原优子,配音
513,白羊,星座
514,菲林 ,种族
515,173.0,身高
516,能够保存很久的罐装咸甘草糖。让人难以亲近的外表下是让人更加难以亲近的味道。,信物描述
517,格拉斯哥帮,活跃领域
518,生存,能力标签
519,能够阻挡一个敌人,特性
520,0.78,攻击间隔
521,2565.0,生命上限
522,530.0,攻击值
523,图耶,中文代号
524,Tuye,英文代号
525,aZLing4,画师
526,中野彩麻,配音
527,萨尔贡,出生地
528,7.0,体细胞与源石融合率
529,一小瓶营养液。优秀医疗干员图耶手工调制，气味特殊，喝不喝、什么时候喝请谨慎判断。,信物描述
530,萨尔贡,活跃领域
531,1550.0,生命上限
532,493.0,攻击值
533,135.0,防御值
534,2021-01-19,上线时间
535,地灵,中文代号
536,Earthspirit,英文代号
537,アーススピリット,日文代号
538,HUG,画师
539,悠木碧,配音
540,卡普里尼,种族
541,形状古怪的小块矿石。放在耳边时，似乎能听见液体流动的细微声响。,信物描述
542,莱塔尼亚,活跃领域
543,减速,能力标签
544,"攻击造成法术伤害,并对敌人造成短暂的停顿",特性
545,12,部署费用-初始
546,14,部署费用-最终
547,1.9,攻击间隔
548,1205.0,生命上限
549,480.0,攻击值
550,101.0,防御值
551,坚雷,中文代号
552,Dur-nar,英文代号
553,ジュナー,日文代号
554,森奈奈子,配音
555,0.16,血液源石结晶密度
556,一把已经弃用的电刃。懂得舍弃，才明白珍惜的意义。,信物描述
557,技能开启时普通攻击会造成法术伤害,特性
558,20,部署费用-初始
559,3007.0,生命上限
560,583.0,攻击值
561,548.0,防御值
562,2019-10-01,上线时间
563,塞雷娅,中文代号
564,Saria,英文代号
565,サリア,日文代号
566,井口裕香,配音
567,瓦伊凡 ,种族
568,174.0,身高
569,数张安保协防合同。其中几份已经盖上了灰色的钙质印章。,信物描述
570,3150.0,生命上限
571,485.0,攻击值
572,595.0,防御值
573,夕,中文代号
574,Dusk,英文代号
575,yukana,配音
576,未公开,种族
577,0.0,血液源石结晶密度
578,一支看似无奇的毛笔。夕的笔，可生万物，也可生笔，用的时候要留神一点。,信物描述
579,炎-岁,活跃领域
580,1704.0,生命上限
581,864.0,攻击值
582,127.0,防御值
583,夜刀,中文代号
584,Yato,英文代号
585,ヤトウ,日文代号
586,藤田咲,配音
587,东,出生地
588,鬼,种族
589,静静躺在漆盒中的泛黄残卷。记载着刀术练习里最晦涩的一类理论知识：平静。,信物描述
590,行动组A4,活跃领域
591,7,部署费用-最终
592,1030.0,生命上限
593,232.0,攻击值
594,192.0,防御值
595,夜烟,中文代号
596,Haze,英文代号
597,ヘイズ,日文代号
598,卢婷,配音
599,16.0,体细胞与源石融合率
600,0.36,血液源石结晶密度
601,一根汤勺。配套的凿子藏在了一本书里。,信物描述
602,1420.0,生命上限
603,110.0,防御值
604,夜莺,中文代号
605,Nightingale,英文代号
606,ナイチンゲール,日文代号
607,石川由依,配音
608,0.0,物理强度
609,0.0,战场机动
610,0.0,生理耐受
611,0.41,血液源石结晶密度
612,一整盒杂乱的拼图碎片。让人更头疼的地方在于，其中有不少块都是空白的。,信物描述
613,1705.0,生命上限
614,350.0,攻击值
615,169.0,防御值
616,5.0,法术抗性
617,夜魔,中文代号
618,Nightmare,英文代号
619,ナイトメア,日文代号
620,Lpip,画师
621,双子,星座
622,0.33,血液源石结晶密度
623,商店中随处可见的可爱布偶。如果放在没有光的地方，便会显现出另外一番样貌。,信物描述
624,1510.0,生命上限
625,622.0,攻击值
626,2019-05-30,上线时间
627,天火,中文代号
628,Skyfire,英文代号
629,スカイフレア,日文代号
630,植田佳奈,配音
631,一颗触感冰凉的玻璃珠，内里的颜色正在翻腾燃烧。,信物描述
632,30,部署费用-初始
633,33,部署费用-最终
634,715.0,攻击值
635,122.0,防御值
636,奥斯塔,中文代号
637,Aosta,英文代号
638,铃木达央,配音
639,叙拉古,出生地
640,鲁珀,种族
641,177.0,身高
642,一顶由他亲手制作的叙拉古风格宽檐帽，用的布料非常好，能够感受到制作者的用心。,信物描述
643,叙拉古,活跃领域
644,贾维团伙,活跃领域
645,"攻击范围内的所有敌人,对自己前方一横排的敌人攻击力提升至150%",特性
646,28,部署费用-初始
647,31,部署费用-最终
648,2.3,攻击间隔
649,2376.0,生命上限
650,691.0,攻击值
651,2020-10-15,上线时间
652,孑,中文代号
653,Jaye,英文代号
654,ジェイ,日文代号
655,白井悠介,配音
656,处女,星座
657,0.13,血液源石结晶密度
658,一把菜刀。精钢打造，大概花了不少钱。,信物描述
659,5,部署费用-初始
660,2284.0,生命上限
661,674.0,攻击值
662,378.0,防御值
663,2020-08-11,上线时间
664,守林人,中文代号
665,Firewatch,英文代号
666,ファイヤーウォッチ,日文代号
667,埃拉菲亚 ,种族
668,0.08,血液源石结晶密度
669,造型简单的口琴。悠扬乐声响起的瞬间，落叶如雨。,信物描述
670,优先攻击攻击范围内防御力最低的敌方单位,特性
671,2.7,攻击间隔
672,1450.0,生命上限
673,1085.0,攻击值
674,131.0,防御值
675,安哲拉,中文代号
676,Andreana,英文代号
677,アンドレアナ,日文代号
678,佐仓薰,配音
679,伊比利亚,出生地
680,阿戈尔,种族
681,166.0,身高
682,一把模型铳。她亲手做的，做工很精致。,信物描述
683,深海猎人,活跃领域
684,1498.0,生命上限
685,1070.0,攻击值
686,安德切尔,中文代号
687,Adnachiel,英文代号
688,アドナキエル,日文代号
689,河西健吾,配音
690,拉特兰,出生地
691,萨科塔,种族
692,毛绒绒的套头帽。萨科塔人是戴不上的。,信物描述
693,1080.0,生命上限
694,365.0,攻击值
695,134.0,防御值
696,安比尔,中文代号
697,Ambriel,英文代号
698,アンブリエル,日文代号
699,西田望见,配音
700,一枚做工精巧的化妆镜。携带非常方便，可以在战斗中随时检查发型是否凌乱。,信物描述
701,拉特兰,活跃领域
702,1595.0,生命上限
703,977.0,攻击值
704,2019-12-24,上线时间
705,安洁莉娜,中文代号
706,Angelina,英文代号
707,アンジェリーナ,日文代号
708,大桥彩香,配音
709,酸橙味的保湿唇膏。旷野中的风与夜晚的城市一样干燥。,信物描述
710,1385.0,生命上限
711,542.0,攻击值
712,安赛尔,中文代号
713,Ansel,英文代号
714,アンセル,日文代号
715,金子真由美,配音
716,"一台便于携带的气压式血压计。就算身边没有医生,也希望你能善待自己的身体。",信物描述
717,15,部署费用-初始
718,17,部署费用-最终
719,1135.0,生命上限
720,362.0,攻击值
721,109.0,防御值
722,宴,中文代号
723,Utage,英文代号
724,ウタゲ,日文代号
725,釜飯轟々丸,画师
726,吉冈茉祐,配音
727,不明,种族
728,0.18,血液源石结晶密度
729,一个漆黑的盒子。里面是漆黑的盒子，漆黑的盒子，以及......美甲套装？！,信物描述
730,东,活跃领域
731,"不成为其他角色的治疗目标,每次攻击到敌人后回复自身30生命(精英1后更新)",特性
732,3444.0,生命上限
733,693.0,攻击值
734,312.0,防御值
735,2020-03-17,上线时间
736,山,中文代号
737,Mountain,英文代号
738,WincalBlanke,画师
739,中井和哉,配音
740,195.0,身高
741,一支包装精美的葡萄酒。产地似乎是一家在哥伦比亚十分有名的酒庄，不知道是他通过什么渠道获得的。,信物描述
742,2745.0,生命上限
743,587.0,攻击值
744,357.0,防御值
745,崖心,中文代号
746,Cliffheart,英文代号
747,クリフハート,日文代号
748,白石涼子,配音
749,0.28,血液源石结晶密度
750,手工编织的绳环。三股长绳紧紧缠绕在一起，不分彼此。,信物描述
751,技能可以使敌人产生位移,特性
752,可以放置于远程位,特性
753,1.8,攻击间隔
754,1970.0,生命上限
755,765.0,攻击值
756,340.0,防御值
757,嵯峨,中文代号
758,Saga,英文代号
759,多元菌,画师
760,小林沙苗,配音
761,一颗她亲手雕刻的木鱼。烦躁的时候，就与她一起诵经吧。,信物描述
762,2205.0,生命上限
763,372.0,防御值
764,巡林者,中文代号
765,Rangers,英文代号
766,レンジャー,日文代号
767,武内骏辅,配音
768,179.0,身高
769,两块用细绳缠挂的燧石。文明就是自这类微小的事物中诞生的。,信物描述
770,780.0,生命上限
771,269.0,攻击值
772,66.0,防御值
773,巫恋,中文代号
774,Shamare,英文代号
775,シャマレ,日文代号
776,藤田茜,配音
777,138.0,身高
778,咬过一口的苹果，小小的牙印清晰可见。,信物描述
779,1728.0,生命上限
780,408.0,攻击值
781,105.0,防御值
782,布洛卡,中文代号
783,Broca,英文代号
784,ブローカ,日文代号
785,鸟海浩辅,配音
786,189.0,身高
787,一座精致的叙拉古某城微缩景观模型。被悄悄地放在你的办公室里，直到你第二天上班的时候才发现。,信物描述
788,同时攻击阻挡的所有敌人,特性
789,23,部署费用-最终
790,2335.0,生命上限
791,762.0,攻击值
792,366.0,防御值
793,2019-12-10,上线时间
794,年,中文代号
795,Nian,英文代号
796,ニェン,日文代号
797,未公开,是否为感染者
798,一把设计古朴的匕首。据说只要用来从事谋杀之类的事业，匕首的锋刃就会消失。,信物描述
799,3699.0,生命上限
800,619.0,攻击值
801,726.0,防御值
802,幽灵鲨,中文代号
803,Specter,英文代号
804,スペクター,日文代号
805,阿戈尔,出生地
806,4.0,物理强度
807,一幅难以描述的绘画。斑驳的留白令人茫然若失。,信物描述
808,2630.0,生命上限
809,355.0,防御值
810,微风,中文代号
811,Breeze,英文代号
812,ブリーズ,日文代号
813,藻,画师
814,池泽春菜,配音
815,0.0,战斗技巧
816,0.21,血液源石结晶密度
817,反复擦拭以至于磨损了图案的家族徽章，依旧闪亮如初。,信物描述
818,343.0,攻击值
819,153.0,防御值
820,德克萨斯,中文代号
821,Texas,英文代号
822,テキサス,日文代号
823,一枚德克萨斯家族的标牌。其上的划痕尘封了一段往事。,信物描述
824,1950.0,生命上限
825,500.0,攻击值
826,343.0,防御值
827,惊蛰,中文代号
828,Leizi,英文代号
829,レイズ,日文代号
830,甲斐田裕子,配音
831,麒麟,种族
832,一把造型老旧的橡木尺子。没有规矩，不成方圆。,信物描述
833,"攻击造成法术伤害,且会在3个敌人间跳跃,每次跳跃伤害降低25%并造成短暂停顿(0.2s)(精英2后更新)",特性
834,29,部署费用-初始
835,32,部署费用-最终
836,573.0,攻击值
837,119.0,防御值
838,慑砂,中文代号
839,Sesa,英文代号
840,シェーシャ,日文代号
841,小野友树,配音
842,瓦伊凡,种族
843,一个刻着符文的挂坠，浮夸的装饰下饱含对过去的执念。,信物描述
844,28,部署费用-最终
845,1655.0,生命上限
846,833.0,攻击值
847,123.0,防御值
848,慕斯,中文代号
849,Mousse,英文代号
850,ムース,日文代号
851,Iritoa,画师
852,0.4,血液源石结晶密度
853,一本封皮装点着金丝花纹的相册。里面的照片来自各只与拍摄者亲近的猫猫。猫猫！,信物描述
854,2345.0,生命上限
855,644.0,攻击值
856,拉普兰德,中文代号
857,Lappland,英文代号
858,ラップランド,日文代号
859,今井麻美,配音
860,4.0,战斗技巧
861,13.0,体细胞与源石融合率
862,0.27,血液源石结晶密度
863,数个印着名字的染血标牌。来自各个帮派的家长。,信物描述
864,"可以进行远程攻击,但此时攻击力降低至80%",特性
865,2350.0,生命上限
866,685.0,攻击值
867,365.0,防御值
868,拜松,中文代号
869,Bison,英文代号
870,バイソン,日文代号
871,皆川纯子,配音
872,0.15,血液源石结晶密度
873,一张老旧的地图。翻越千山万水的痕迹昭然若揭，新计划和旧标记交叉在一起，这就是信使。,信物描述
874,3456.0,生命上限
875,701.0,防御值
876,2019-11-19,上线时间
877,推进之王,中文代号
878,Siege,英文代号
879,シージ,日文代号
880,川澄绫子,配音
881,阿斯兰,种族
882,0.14,血液源石结晶密度
883,坚硬的大颗铆钉。由伦蒂尼姆的工人打造，最终也将回到它的故土。,信物描述
884,2251.0,生命上限
885,515.0,攻击值
886,384.0,防御值
887,斑点,中文代号
888,Spot,英文代号
889,スポット,日文代号
890,瑞柏巴,种族
891,169.0,身高
892,一本俚语大全，记载了数个国家各种语言里温柔讽刺他人的句子。,信物描述
893,行动预备组A6,活跃领域
894,1833.0,生命上限
895,442.0,防御值
896,2019-07-09,上线时间
897,断崖,中文代号
898,Ayerscarpe,英文代号
899,エアースカーペ,日文代号
900,梶裕贵,配音
901,0.07,血液源石结晶密度
902,一本自制侦察与反侦察指南。“你最好能在任何情况下保护好自己”，他是这样想的。,信物描述
903,2420.0,生命上限
904,670.0,攻击值
905,375.0,防御值
906,断罪者,中文代号
907,Conviction,英文代号
908,TOMATO,画师
909,山冈百合,配音
910,断罪,性别
911,未知（疑似黎博利）,种族
912,145.0,身高
913,3333.0,生命上限
914,866.0,攻击值
915,166.0,防御值
916,2020-04-01,上线时间
917,斯卡蒂,中文代号
918,Skadi,英文代号
919,スカジ,日文代号
920,alchemaniac,画师
921,佐藤利奈,配音
922,0.013,血液源石结晶密度
923,用家乡语言写下的歌谱。虽然完全没法理解这种文字，但她确实是打算教你这首歌的。,信物描述
924,3665.0,生命上限
925,933.0,攻击值
926,263.0,防御值
927,早露,中文代号
928,Роса,英文代号
929,ロサ,日文代号
930,上田丽奈,配音
931,一把裁纸刀。她郑重其事地交给你，但你不知缘由。,信物描述
932,优先攻击重量最重的敌人,特性
933,22,部署费用-初始
934,2.4,攻击间隔
935,1755.0,生命上限
936,1032.0,攻击值
937,2020-06-18,上线时间
938,星极,中文代号
939,Astesia,英文代号
940,アステシア,日文代号
941,YUJI,画师
942,名塚佳织,配音
943,一支灌注了特殊墨水的钢笔。笔尖划过纸张，银河为之闪烁。,信物描述
944,2523.0,生命上限
945,660.0,攻击值
946,393.0,防御值
947,2019-09-10,上线时间
948,星熊,中文代号
949,Hoshiguma,英文代号
950,ホシグマ,日文代号
951,安野希世乃,配音
952,184.0,身高
953,过时的流行漫画。讲述了名不见经传的鬼怪在各色同伴的陪伴下成长为英雄的故事。,信物描述
954,龙门近卫局,活跃领域
955,3850.0,生命上限
956,723.0,防御值
957,普罗旺斯,中文代号
958,Provence,英文代号
959,プロヴァンス,日文代号
960,渣念,画师
961,影山灯,配音
962,18.0,体细胞与源石融合率
963,一台多功能吸尘器。更多时候用于清理从干员们尾巴上掉落的毛。,信物描述
964,高精度的近距离射击,特性
965,781.0,攻击值
966,215.0,防御值
967,暗索,中文代号
968,Rope,英文代号
969,ロープ,日文代号
970,藤村步,配音
971,一件连价格标识都没撕掉的昂贵装饰品。真的可以收下吗......,信物描述
972,1720.0,生命上限
973,728.0,攻击值
974,暴行,中文代号
975,Savage,英文代号
976,サベージ,日文代号
977,一串蛋白石项链。希望你能把它交付给正确的人。,信物描述
978,2430.0,生命上限
979,705.0,攻击值
980,320.0,防御值
981,月禾,中文代号
982,Tsukinogi,英文代号
983,ツキノギ,日文代号
984,上埜,画师
985,大原沙耶香,配音
986,埃拉菲亚,种族
987,0.34,血液源石结晶密度
988,由月禾本人制作与祈福的御守。听说带上能让人心平气和，还可以抚平对黑夜的恐惧。,信物描述
989,1620.0,生命上限
990,385.0,攻击值
991,175.0,防御值
992,2020-06-02,上线时间
993,月见夜,中文代号
994,Midnight,英文代号
995,ミッドナイト,日文代号
996,精美的高脚酒杯。昏黄的灯光下，杯身散发出令人沉醉的色彩。,信物描述
997,1653.0,生命上限
998,497.0,攻击值
999,282.0,防御值
1000,末药,中文代号
1001,Myrrh,英文代号
1002,ミルラ,日文代号
1003,优木加奈,配音
1004,143.0,身高
1005,以多种草药混合制作的药丸。生病的时候一定能派上用场，何况每颗药丸都被细心地裹上了糖衣。,信物描述
1006,465.0,攻击值
1007,杜宾,中文代号
1008,Dobermann,英文代号
1009,ドーベルマン,日文代号
1010,种崎敦美,配音
1011,红色封皮的小册子。记录了一场艰苦卓绝的战斗。,信物描述
1012,可以攻击到较远敌人,特性
1013,13,部署费用-初始
1014,15,部署费用-最终
1015,1840.0,生命上限
1016,545.0,攻击值
1017,382.0,防御值
1018,杜林,中文代号
1019,Durin,英文代号
1020,ドゥリン,日文代号
1021,杜林,种族
1022,131.0,身高
1023,由杜林族研磨的小块源石制品。紧紧握住一段时间后会突然感到精力充沛。,信物描述
1024,952.0,生命上限
1025,340.0,攻击值
1026,62.0,防御值
1027,杰克,中文代号
1028,Jackie,英文代号
1029,Nagu,画师
1030,铃代纱弓,配音
1031,一双崭新的运动鞋。她对于和你一同锻炼身体十分期待。,信物描述
1032,2378.0,生命上限
1033,529.0,攻击值
1034,308.0,防御值
1035,2020-11-01,上线时间
1036,杰西卡,中文代号
1037,Jessica,英文代号
1038,ジェシカ,日文代号
1039,广桥凉,配音
1040,147.0,身高
1041,一张黑钢入职纪念照。一段崭新人生的开始。,信物描述
1042,黑钢国际,活跃领域
1043,1320.0,生命上限
1044,475.0,攻击值
1045,154.0,防御值
1046,松果,中文代号
1047,Pinecone,英文代号
1048,TrNyteal,画师
1049,津田里穗,配音
1050,148.0,身高
1051,一个很重的工具包，内含一把备用钉枪，很多备用零件，还有她忘在里面的小小玩偶。,信物描述
1052,27,部署费用-初始
1053,30,部署费用-最终
1054,2200.0,生命上限
1055,167.0,防御值
1056,极境,中文代号
1057,Elysium,英文代号
1058,エリジウム,日文代号
1059,森久保祥太郎,配音
1060,一张复杂详尽的手绘地形线路图。如果看不懂，极境本人也很乐意亲自领路。,信物描述
1061,技能发动期间阻挡数变为0,特性
1062,1669.0,生命上限
1063,533.0,攻击值
1064,335.0,防御值
1065,柏喙,中文代号
1066,Bibeak,英文代号
1067,バイビーク,日文代号
1068,RAYVON,画师
1069,萨米,出生地
1070,6.0,体细胞与源石融合率
1071,做工粗糙的衬衣，柏喙初学缝纫时的作品。穿起来未必舒服，但饱含心意。,信物描述
1072,萨米,活跃领域
1073,602.0,攻击值
1074,332.0,防御值
1075,格劳克斯,中文代号
1076,Glaucus,英文代号
1077,グラウコス,日文代号
1078,野中蓝,配音
1079,阿戈尔地区,出生地
1080,159.0,身高
1081,一节没电的电池，无用之物最后的用处就是收藏。,信物描述
1082,1267.0,生命上限
1083,100.0,防御值
1084,2019-08-27,上线时间
1085,格拉尼,中文代号
1086,Grani,英文代号
1087,グラニ,日文代号
1088,山崎遥,配音
1089,一支红色的警哨。吹响时能感到一股正义感从肺腑之中飘然而出。,信物描述
1090,"击杀敌人后获得1点部署费用,撤退时返还初始部署费用",特性
1091,2235.0,生命上限
1092,552.0,攻击值
1093,367.0,防御值
1094,格雷伊,中文代号
1095,Greyy,英文代号
1096,グレイ,日文代号
1097,我妻洛酱,画师
1098,渕上舞,配音
1099,7.2,体细胞与源石融合率
1100,一盏设计精巧的LED提灯。只要嵌入一粒源石碎片就能长明不灭，就用它驱散萦绕黑夜的不安感吧。,信物描述
1101,攻击溅射范围半径为1,特性
1102,1455.0,生命上限
1103,645.0,攻击值
1104,桃金娘,中文代号
1105,Myrtle,英文代号
1106,テンニンカ,日文代号
1107,咩煲,画师
1108,下地紫野,配音
1109,一根和她手中棍子别无二致的长条，是她亲自挑选的。虽然没有什么特别的用处，不过她似乎对这份礼物十分满意。,信物描述
1110,520.0,攻击值
1111,300.0,防御值
1112,梅,中文代号
1113,May,英文代号
1114,メイ,日文代号
1115,水桥香织,配音
1116,151.0,身高
1117,一把来路不明的泰瑟枪。正好可以与梅常用的武器配成一对。,信物描述
1118,1632.0,生命上限
1119,478.0,攻击值
1120,梅尔,中文代号
1121,Mayer,英文代号
1122,メイヤー,日文代号
1123,斋藤千和,配音
1124,阿纳缇,种族
1125,小号的咪波模型。腹部有一个红色的圆形按钮。唔......,信物描述
1126,召唤,能力标签
1127,可以使用召唤物协助作战,特性
1128,1068.0,生命上限
1129,443.0,攻击值
1130,梓兰,中文代号
1131,Orchid,英文代号
1132,オーキッド,日文代号
1133,大津爱理,配音
1134,精心包装好的高级钢笔。用它批阅文件时，会产生一种身在写字楼中的感觉。,信物描述
1135,935.0,生命上限
1136,378.0,攻击值
1137,83.0,防御值
1138,棘刺,中文代号
1139,Thorns,英文代号
1140,ソーンズ,日文代号
1141,石川界人,配音
1142,装有药液的小瓶子。初学时的纪念作，危险，谨慎使用。,信物描述
1143,2612.0,生命上限
1144,711.0,攻击值
1145,402.0,防御值
1146,森蚺,中文代号
1147,Eunectes,英文代号
1148,桑岛法子,配音
1149,斐迪亚,种族
1150,一把看起来用了很长时间的扳手，用来造机器或者防身都不错。,信物描述
1151,只有阻挡敌人时才能够回复技力,特性
1152,4468.0,生命上限
1153,1007.0,攻击值
1154,615.0,防御值
1155,2020-08-25,上线时间
1156,槐琥,中文代号
1157,Waai Fu,英文代号
1158,ワイフー,日文代号
1159,小林优,配音
1160,一本以古怪字体写就的秘传拳谱。作为工具书，或许有参考的价值......吧？,信物描述
1161,536.0,攻击值
1162,304.0,防御值
1163,泡普卡,中文代号
1164,Popukar,英文代号
1165,ポプカル,日文代号
1166,樱咲千依,配音
1167,实心金属玩具。特别重，超级难损坏。,信物描述
1168,1858.0,生命上限
1169,495.0,攻击值
1170,245.0,防御值
1171,泡泡,中文代号
1172,Bubble,英文代号
1173,Cenm0,画师
1174,赤尾光,配音
1175,塞拉托,种族
1176,135.0,身高
1177,0.24,血液源石结晶密度
1178,一个从野外挖来的树墩。她也不知道这东西有什么用，只是觉得好玩就挖来送你了。,信物描述
1179,3416.0,生命上限
1180,370.0,攻击值
1181,645.0,防御值
1182,波登可,中文代号
1183,Podenco,英文代号
1184,ポデンコ,日文代号
1185,アシマ,画师
1186,植田光,配音
1187,一包花种，能够让博士的办公室变为花田。只要不过敏，哪里都是庭院。,信物描述
1188,1163.0,生命上限
1189,492.0,攻击值
1190,96.0,防御值
1191,泥岩,中文代号
1192,Mudrock,英文代号
1193,内田真礼,配音
1194,12.0,体细胞与源石融合率
1195,一个小小的岩石雕像，似乎在用好奇的“目光”看着你。,信物描述
1196,无法被友方角色治疗,特性
1197,32,部署费用-初始
1198,36,部署费用-最终
1199,3928.0,生命上限
1200,882.0,攻击值
1201,602.0,防御值
1202,流星,中文代号
1203,Meteor,英文代号
1204,メテオ,日文代号
1205,福原绫香,配音
1206,由仿佛不会凋零的嫩枝编成的头冠。卡西米尔的森林低声地询问，它们的守护者何日归还。,信物描述
1207,卡西米尔,活跃领域
1208,1370.0,生命上限
1209,165.0,防御值
1210,深海色,中文代号
1211,Deepcolor,英文代号
1212,ディピカ,日文代号
1213,REALMBW,画师
1214,大地叶,配音
1215,手绘的童话故事书。在生命与死亡间跋涉的主人公，最终踏入了河流的尽头。,信物描述
1216,1050.0,生命上限
1217,403.0,攻击值
1218,清流,中文代号
1219,Purestream,英文代号
1220,唯@W,画师
1221,三宅麻理恵,配音
1222,一小瓶家乡的清泉，可以作为装饰佩戴。将它带在身上，清流很乐意与你分享她的故乡。,信物描述
1223,"拥有较大治疗范围,但在治疗较远目标时治疗量变为70%",特性
1224,1365.0,生命上限
1225,118.0,防御值
1226,2020-03-03,上线时间
1227,清道夫,中文代号
1228,Scavenger,英文代号
1229,スカベンジャー,日文代号
1230,戏言咸咸,画师
1231,一枚银币。也许能用它决定一些更重要的事。,信物描述
1232,S.W.E.E.P,活跃领域
1233,1835.0,生命上限
1234,310.0,防御值
1235,温蒂,中文代号
1236,Weedy,英文代号
1237,ウィーディ,日文代号
1238,长绳麻理亚,配音
1239,一摞仿生海龙设计图。上面有大量她本人做的一些注释，上面写着“即使猴子也可以照着做一只新的”，大概吧。,信物描述
1240,2133.0,生命上限
1241,677.0,攻击值
1242,394.0,防御值
1243,火神,中文代号
1244,Vulcan,英文代号
1245,ヴァルカン,日文代号
1246,neco,画师
1247,170.0,身高
1248,0.38,血液源石结晶密度
1249,花纹优美的钢胚。无论是何等品质的原料，都必须经过锤炼打磨才能够成型。,信物描述
1250,35,部署费用-最终
1251,3688.0,生命上限
1252,820.0,攻击值
1253,灰喉,中文代号
1254,GreyThroat,英文代号
1255,グレースロート,日文代号
1256,福圆美里,配音
1257,一节断裂的手术刀，父亲的遗物，难以想象向感染者施以援手的医生竟然会经受这样的折磨。,信物描述
1258,1493.0,生命上限
1259,513.0,攻击值
1260,炎客,中文代号
1261,Flamebringer,英文代号
1262,エンカク,日文代号
1263,虎三,画师
1264,中村悠一,配音
1265,190.0,身高
1266,一件染血的旧外套。有些烧焦了，完全分辨不出是谁的血液。,信物描述
1267,3715.0,生命上限
1268,849.0,攻击值
1269,195.0,防御值
1270,2019-10-15,上线时间
1271,炎熔,中文代号
1272,Lava,英文代号
1273,ラヴァ,日文代号
1274,9.4,体细胞与源石融合率
1275,0.25,血液源石结晶密度
1276,特殊加工过的匕首套。外皮上布满了故作神秘的花纹。,信物描述
1277,1070.0,生命上限
1278,535.0,攻击值
1279,95.0,防御值
1280,炎狱炎熔,中文代号
1281,Purgatory,英文代号
1282,布满伤痕的匕首套。曾经亲自雕琢的特色花纹，在使用过程中已被磨损得看不见纹路。,信物描述
1283,1453.0,生命上限
1284,735.0,攻击值
1285,115.0,防御值
1286,煌,中文代号
1287,Blaze,英文代号
1288,ブレイズ,日文代号
1289,中原麻衣,配音
1290,一个看不清内里构造的玻璃瓶。只要摇晃两三下，瓶身就会变得温暖起来，很适合冬天抱在手里。,信物描述
1291,罗德岛-精英干员,活跃领域
1292,2821.0,生命上限
1293,370.0,防御值
1294,燧石,中文代号
1295,Flint,英文代号
1296,山村响,配音
1297,0.05,血液源石结晶密度
1298,一把锋利的石制匕首。由燧石亲手锻制，原主人一般拿它来切割烤肉，适用于多种野外坏境，但要小心不要划伤自己！,信物描述
1299,2495.0,生命上限
1300,334.0,防御值
1301,爱丽丝,中文代号
1302,Iris,英文代号
1303,白石晴香,配音
1304,手工制作的童话书。从未在市面上发行的童话故事集，每一幅插图都由制作者亲手绘制。,信物描述
1305,"攻击造成法术伤害,在找不到攻击目标时可以将攻击能量储存起来之后一齐发射(最多3个)",特性
1306,3.0,攻击间隔
1307,1535.0,生命上限
1308,1259.0,攻击值
1309,2021-01-05,上线时间
1310,特米米,中文代号
1311,Tomimi,英文代号
1312,Chuzenji,画师
1313,高桥美佳子,配音
1314,142.0,身高
1315,一张干员亲手制作的捕梦网，散发着令人舒适的清香。睡得安稳，才有力气做事，这是特米米的独家秘诀。,信物描述
1316,1920.0,生命上限
1317,600.0,攻击值
1318,狮蝎,中文代号
1319,Manticore,英文代号
1320,マンティコア,日文代号
1321,曼提柯,种族
1322,0.32,血液源石结晶密度
1323,用牵牛花贴纸封口的淡紫色信封。拆开信封，折叠过的信纸上清秀地写着“请和我做朋友”几个字。,信物描述
1324,1630.0,生命上限
1325,811.0,攻击值
1326,猎蜂,中文代号
1327,Beehunter,英文代号
1328,ビーハンター,日文代号
1329,toast,画师
1330,一座拳赛奖杯。底座上刻下的名字业已模糊，但杯身仿佛依然散发着自豪的光辉。,信物描述
1331,2435.0,生命上限
1332,玫兰莎,中文代号
1333,Melantha,英文代号
1334,メランサ,日文代号
1335,简单包装的香烛。别致的香味让人无法忘却。,信物描述
1336,2620.0,生命上限
1337,673.0,攻击值
1338,155.0,防御值
1339,瑕光,中文代号
1340,Blemishine,英文代号
1341,花泽香菜,配音
1342,一本骑士小说，荒诞的传奇，传奇的荒诞。,信物描述
1343,3242.0,生命上限
1344,491.0,攻击值
1345,581.0,防御值
1346,白金,中文代号
1347,Platinum,英文代号
1348,プラチナ,日文代号
1349,茅野愛衣,配音
1350,两张游乐园的门票。这个周末一起去吧。,信物描述
1351,白雪,中文代号
1352,ShiraYuki,英文代号
1353,シラユキ,日文代号
1354,春村奈奈,配音
1355,墨迹未干的书法作品。赠予罗德岛的祝福。,信物描述
1356,23,部署费用-初始
1357,27,部署费用-最终
1358,797.0,攻击值
1359,白面鸮,中文代号
1360,Ptilopsis,英文代号
1361,フィリオプシス,日文代号
1362,金元寿子,配音
1363,论证源石技艺如何识别与执行的工具书。大部分干员都读不懂。,信物描述
1364,1610.0,生命上限
1365,335.0,攻击值
1366,150.0,防御值
1367,真理,中文代号
1368,Истина,英文代号
1369,イースチナ,日文代号
1370,一本讲述乌萨斯战争史的著作。据说作者现正流亡于莱塔尼亚。,信物描述
1371,518.0,攻击值
1372,104.0,防御值
1373,石棉,中文代号
1374,Asbestos,英文代号
1375,アスベストス,日文代号
1376,TEAM EXPNDR,画师
1377,真堂圭,配音
1378,一个探险套装。她的意思似乎是，如果你有空的话，可以跟她一起出去走走。,信物描述
1379,21,部署费用-初始
1380,25,部署费用-最终
1381,3135.0,生命上限
1382,633.0,攻击值
1383,555.0,防御值
1384,砾,中文代号
1385,Gravel,英文代号
1386,グラベル,日文代号
1387,立花理香,配音
1388,磨损严重的卡西米尔骑士徽章。无论过往如何，掌握当下才重要。,信物描述
1389,452.0,攻击值
1390,稀音,中文代号
1391,Scene,英文代号
1392,シーン,日文代号
1393,天野聪美,配音
1394,皮洛萨,种族
1395,一个新款照相机。真正的景色，需要由自己来拍摄。,信物描述
1396,1105.0,生命上限
1397,432.0,攻击值
1398,2020-07-28,上线时间
1399,空,中文代号
1400,Sora,英文代号
1401,ソラ,日文代号
1402,铃木实里,配音
1403,因经纪公司要求不公开,出生地
1404,因经纪公司要求不公开,种族
1405,空作为偶像出道时发售的单曲CD。虽然是一首儿童向的卡通歌曲，但依然能感受到空她想要努力唱好的心境。,信物描述
1406,"不进行攻击,持续恢复攻击范围内所有友军的生命(每秒恢复相当于空攻击力10%的生命)",特性
1407,1356.0,生命上限
1408,238.0,防御值
1409,空弦,中文代号
1410,Archetto,英文代号
1411,水濑祈,配音
1412,152.0,身高
1413,一枚修道院限定纪念徽章，本来是要花钱买的，不过这一次就当友情赠送啦！,信物描述
1414,172.0,防御值
1415,空爆,中文代号
1416,Catapult,英文代号
1417,カタパルト,日文代号
1418,一块只有士兵才会佩戴的铭牌。因为不再被束缚，所以将自己的荣誉交给你。,信物描述
1419,1150.0,生命上限
1420,617.0,攻击值
1421,85.0,防御值
1422,2019-05-23,上线时间
1423,米格鲁,中文代号
1424,Beagle,英文代号
1425,ビーグル,日文代号
1426,整整齐齐地放在文件夹里的绩效考核单。所有考核项目的成绩都是A等。,信物描述
1427,2035.0,生命上限
1428,295.0,攻击值
1429,490.0,防御值
1430,絮雨,中文代号
1431,Whisperain,英文代号
1432,后藤沙绪里,配音
1433,老旧的电影票根。一份回忆的证明，票面上的油墨脱落，老旧泛黄，模糊不清。,信物描述
1434,1432.0,生命上限
1435,467.0,攻击值
1436,红,中文代号
1437,Projekt Red,英文代号
1438,レッド,日文代号
1439,一颗尖尖的乳牙。希望你能帮她收好。,信物描述
1440,1505.0,生命上限
1441,302.0,防御值
1442,红云,中文代号
1443,Vermeil,英文代号
1444,ヴァーミル,日文代号
1445,KENTllaall,画师
1446,斋藤彩夏,配音
1447,一串洁白的兽牙雕饰，其中一枚取自夺去她左臂的那只野兽。,信物描述
1448,1230.0,生命上限
1449,162.0,防御值
1450,红豆,中文代号
1451,Vigna,英文代号
1452,ヴィグナ,日文代号
1453,练习用电吉他。带着它前往战场的提案被否决了。,信物描述
1454,1845.0,生命上限
1455,351.0,防御值
1456,缠丸,中文代号
1457,Matoimaru,英文代号
1458,マトイマル,日文代号
1459,一副柔软的眼罩。在睡觉的时候戴上也挺不错的。,信物描述
1460,3470.0,生命上限
1461,855.0,攻击值
1462,156.0,防御值
1463,罗宾,中文代号
1464,Robin,英文代号
1465,小野凉子,配音
1466,一把没有开封的匕首，设计很精致，柄上还有刻字。似乎是某部电影的限量版周边。,信物描述
1467,"可以使用陷阱来协助作战,但陷阱无法放置于敌人已在的格子中",特性
1468,0.85,攻击间隔
1469,1442.0,生命上限
1470,翎羽,中文代号
1471,Plume,英文代号
1472,プリュム,日文代号
1473,deel,画师
1474,克制地装饰着少量羽毛的礼帽。适合拉特兰的各个节日。,信物描述
1475,1226.0,生命上限
1476,445.0,攻击值
1477,279.0,防御值
1478,能天使,中文代号
1479,Exusiai,英文代号
1480,エクシア,日文代号
1481,最佳老板奖章。集满五颗可以兑换一枚超强老板奖章。,信物描述
1482,1673.0,生命上限
1483,540.0,攻击值
1484,161.0,防御值
1485,艾丝黛尔,中文代号
1486,Estelle,英文代号
1487,エステル,日文代号
1488,鸭,画师
1489,山本希望,配音
1490,一把石制的梳子。触感十分凉爽，并且还散发着淡淡的花香。,信物描述
1491,2500.0,生命上限
1492,690.0,攻击值
1493,315.0,防御值
1494,艾雅法拉,中文代号
1495,Eyjafjalla,英文代号
1496,エイヤフィヤトラ,日文代号
1497,Anmi,画师
1498,种田梨沙,配音
1499,0.5,血液源石结晶密度
1500,小巧的理发剪。柄的位置细心地缠绕着隔热的布料。,信物描述
1501,1743.0,生命上限
1502,芙兰卡,中文代号
1503,Franka,英文代号
1504,フランカ,日文代号
1505,加隈亚衣,配音
1506,一张旅行计划书。因为规划的目的地太多而导致相当难以实现。,信物描述
1507,3620.0,生命上限
1508,860.0,攻击值
1509,235.0,防御值
1510,芙蓉,中文代号
1511,Hibiscus,英文代号
1512,ハイビスカス,日文代号
1513,7.4,体细胞与源石融合率
1514,一张专门为你定制的健康生活日程规划表。说实话，很难拒绝。,信物描述
1515,1220.0,生命上限
1516,345.0,攻击值
1517,芬,中文代号
1518,Fang,英文代号
1519,フェン,日文代号
1520,白石凉子,配音
1521,库兰塔 ,种族
1522,一双恰好合你尺寸的跑鞋。为了邀请你晨练，赠送者一定花了不少工夫。,信物描述
1523,1325.0,生命上限
1524,325.0,攻击值
1525,260.0,防御值
1526,芳汀,中文代号
1527,Arene,英文代号
1528,umo_yszx,画师
1529,松冈祯丞,配音
1530,一颗橡胶玩具子弹。萨科塔的孩子们都有自己的玩具枪，并且总用这种橡胶子弹填满所有口袋。,信物描述
1531,2250.0,生命上限
1532,640.0,攻击值
1533,苇草,中文代号
1534,Reed,英文代号
1535,リード,日文代号
1536,STAR影法师,画师
1537,能登麻美子,配音
1538,德拉克,种族
1539,一首写在日记纸上的短诗。笔迹娟美细碎，用词令人疼痛难忍。,信物描述
1540,2215.0,生命上限
1541,562.0,攻击值
1542,364.0,防御值
1543,苏苏洛,中文代号
1544,Sussurro,英文代号
1545,ススーロ,日文代号
1546,将,画师
1547,照井春佳,配音
1548,一本纸质柔和的日记本。无论过去还是未来的记忆，只要得以记录，就永远不会再消失了吧？,信物描述
1549,1345.0,生命上限
1550,488.0,攻击值
1551,苦艾,中文代号
1552,Absinthe,英文代号
1553,アブサント,日文代号
1554,村川梨衣,配音
1555,一件大尺寸的乌萨斯制式防击打背心。前一任主人穿起来不太合身，但她很少将其脱下。,信物描述
1556,124.0,防御值
1557,莫斯提马,中文代号
1558,Mostima,英文代号
1559,モスティマ,日文代号
1560,水树奈奈,配音
1561,她的铳。她不需要了。,信物描述
1562,1731.0,生命上限
1563,750.0,攻击值
1564,132.0,防御值
1565,莱恩哈特,中文代号
1566,Leonhardt,英文代号
1567,レオンハルト,日文代号
1568,野崎つばた,画师
1569,齐藤壮马,配音
1570,0.6,体细胞与源石融合率
1571,一双新潮的限定款运动鞋。似乎为维多利亚风靡的球类运动做了特别的辅助设计，技术支持源自雷姆必拓。,信物描述
1572,707.0,攻击值
1573,蓝毒,中文代号
1574,Blue Poison,英文代号
1575,アズリウス,日文代号
1576,安努拉,种族
1577,一张高级服装店的购物卡。抛开千篇一律的制服，尽兴搭配吧。,信物描述
1578,薄绿,中文代号
1579,Mint,英文代号
1580,ヌードル,画师
1581,大和田仁美,配音
1582,一本陈旧的硬皮书。在真正被咬之前，没人知道这本书会不会咬人。,信物描述
1583,"通常时不攻击且防御力和法术抗性大幅度提升,技能开启时攻击造成群体法术伤害",特性
1584,"通常时防御力+200%,法术抗性+20",特性
1585,2.0,攻击间隔
1586,1945.0,生命上限
1587,732.0,攻击值
1588,196.0,防御值
1589,蛇屠箱,中文代号
1590,Cuora,英文代号
1591,クオーラ,日文代号
1592,匹特拉姆,种族
1593,普通的棒球棍，棍身歪歪扭扭地写着数位知名球手的签名。虽然，也许，大概，即使签名是模仿的，想要分享的心情却是真实的。,信物描述
1594,3105.0,生命上限
1595,690.0,防御值
1596,蜜蜡,中文代号
1597,Beeswax,英文代号
1598,ビーズワクス,日文代号
1599,カワグチ,画师
1600,喜多村英梨,配音
1601,包含精油、软刷、磨砂条在内的全套角护理器具，沙漠部族内定制，重金难求。只要不嫌贵，也可以只用它来修修指甲。,信物描述
1602,2005.0,生命上限
1603,205.0,防御值
1604,角峰,中文代号
1605,Matterhorn,英文代号
1606,マッターホルン,日文代号
1607,182.0,身高
1608,略微有些粗糙的木雕人像。垂首低眉的姿态十分安详。,信物描述
1609,3235.0,生命上限
1610,670.0,防御值
1611,讯使,中文代号
1612,Courier,英文代号
1613,クーリエ,日文代号
1614,平川大辅,配音
1615,依特拉,种族
1616,一瓶自遥远他乡搜集来的麦芽饮品。阳光之下，金黄色的澄澈液体在玻璃瓶中闪闪发光。,信物描述
1617,1985.0,生命上限
1618,诗怀雅,中文代号
1619,Swire,英文代号
1620,スワイヤー,日文代号
1621,德井青空,配音
1622,一枚伤痕累累的警徽。无名的警员在某次重大案件中失落了警徽，也没有人能够认领，只是，总得有人起身对抗罪恶。,信物描述
1623,1740.0,生命上限
1624,593.0,攻击值
1625,413.0,防御值
1626,豆苗,中文代号
1627,Beanstalk,英文代号
1628,一千,画师
1629,伊藤彩沙,配音
1630,宠物磐蟹幼崽兑换券。经饲养人承诺并盖章，凭此券可在豆苗培育公司正式创建后，兑换领养一只磐蟹宝宝。,信物描述
1631,"可以在攻击范围内选择一次战术点来召唤援军,自身攻击援军阻挡的敌人时攻击力提升至150%",特性
1632,1569.0,生命上限
1633,405.0,攻击值
1634,贾维,中文代号
1635,Chiave,英文代号
1636,キアーベ,日文代号
1637,羽多野涉,配音
1638,一枚由他亲手打造的代表“贾维团伙”的标牌。上面还刻上了你的名字。,信物描述
1639,1824.0,生命上限
1640,522.0,攻击值
1641,342.0,防御值
1642,赫拉格,中文代号
1643,Hellagur,英文代号
1644,ヘラグ,日文代号
1645,速水奖,配音
1646,193.0,身高
1647,一本绝不允许他人借阅的厚重线装书。乌萨斯数十年的战争始末跃然纸上，漫长苦难自干涸墨迹里汩汩流出。,信物描述
1648,26,部署费用-最终
1649,3825.0,生命上限
1650,赫默,中文代号
1651,Silence,英文代号
1652,サイレンス,日文代号
1653,鬼头明里,配音
1654,一枚斑纹羽毛饰品。不善言辞的黎博利科研人员通过赠送自己的羽毛来托付情感。,信物描述
1655,482.0,攻击值
1656,142.0,防御值
1657,远山,中文代号
1658,Gitano,英文代号
1659,ギターノ,日文代号
1660,谜肘,画师
1661,占卜套组中的一张卡片。虽然被告知了其中寓意，但未来由你自己决定。,信物描述
1662,654.0,攻击值
1663,迷迭香,中文代号
1664,Rosmontis,英文代号
1665,小仓唯,配音
1666,一件精心制作但水平依然还很业余的植物标本。她真心希望你能帮她记住这些。,信物描述
1667,"攻击对小范围的地面敌人造成两次物理伤害(第二次为余震,伤害降低至攻击力的一半",特性
1668,攻击溅射范围半径为0.9),特性
1669,2.1,攻击间隔
1670,1944.0,生命上限
1671,688.0,攻击值
1672,送葬人,中文代号
1673,Executor,英文代号
1674,イグゼキュター,日文代号
1675,近藤隆,配音
1676,一本《泰拉城邦防身手册》。事无巨细地描述了在各个知名城邦办公时需要注意的种种事项，大多与人身安全有紧密关系，且和一般人的生活基本没有关系。,信物描述
1677,2330.0,生命上限
1678,720.0,攻击值
1679,185.0,防御值
1680,酸糖,中文代号
1681,Aciddrop,英文代号
1682,中岛唯,配音
1683,150.0,身高
1684,一块崭新的滑板，她送给你的，附赠了创口贴和消毒水。,信物描述
1685,1576.0,生命上限
1686,209.0,防御值
1687,铃兰,中文代号
1688,Suzuran,英文代号
1689,スズラン,日文代号
1690,本渡枫,配音
1691,137.0,身高
1692,一捧铃兰花。当问及小丽萨的干员代号有什么自己的想法时，她正好抱着这盆铃兰。,信物描述
1693,1480.0,生命上限
1694,521.0,攻击值
1695,银灰,中文代号
1696,SilverAsh,英文代号
1697,シルバーアッシュ,日文代号
1698,小西克幸,配音
1699,192.0,身高
1700,世上仅有数块，象征挚诚的源石冰晶。永远不会融化。,信物描述
1701,2560.0,生命上限
1702,713.0,攻击值
1703,397.0,防御值
1704,铸铁,中文代号
1705,Sideroca,英文代号
1706,シデロカ,日文代号
1707,桑原由气,配音
1708,熠熠生辉的小人像，似乎对米诺斯人意义非凡。旅人的神明，保护铸铁的神明，或许正在保护你。,信物描述
1709,2845.0,生命上限
1710,620.0,攻击值
1711,369.0,防御值
1712,锡兰,中文代号
1713,Ceylon,英文代号
1714,セイロン,日文代号
1715,荒川美穗,配音
1716,汐斯塔（独立城邦）,出生地
1717,一本已经没有地方下笔的笔记本。上面记载着目前为止，有关源石研究的一切相关知识点。内容详细到可以重新排版后出一本书，叫做《源石研究，从入门到精通》。,信物描述
1718,汐斯塔,活跃领域
1719,闪灵,中文代号
1720,Shining,英文代号
1721,シャイニング,日文代号
1722,清水理沙,配音
1723,175.0,身高
1724,一条外观普通的白色吊坠。无法被尘埃所沾染。,信物描述
1725,1613.0,生命上限
1726,138.0,防御值
1727,阿,中文代号
1728,Aak,英文代号
1729,ア,日文代号
1730,三瓶由布子,配音
1731,一个药瓶，里面装了六颗不同颜色的药丸。但是没有给说明书。,信物描述
1732,自身生命会不断减少,特性
1733,每秒扣除3%生命值,特性
1734,2034.0,生命上限
1735,703.0,攻击值
1736,阿消,中文代号
1737,Shaw,英文代号
1738,ショウ,日文代号
1739,一本邮票纪念册。以前，它的拥有者根本不会允许他人触碰自己宝贵的收集。,信物描述
1740,1785.0,生命上限
1741,580.0,攻击值
1742,阿米娅,中文代号
1743,Amiya,英文代号
1744,アーミヤ,日文代号
1745,黑泽朋世,配音
1746,卡特斯/奇美拉,种族
1747,“总有一天你会理解我的选择......原谅我。”,信物描述
1748,612.0,攻击值
1749,121.0,防御值
1750,阿米娅(近卫),中文代号
1751,2629.0,生命上限
1752,657.0,攻击值
1753,376.0,防御值
1754,陈,中文代号
1755,Ch'en,英文代号
1756,チェン,日文代号
1757,石上静香,配音
1758,龙,种族
1759,168.0,身高
1760,在漫长时光中尘封许久的物件。她并非是将之忘记，而仅仅是不忍再次抚摸它锈蚀的棱角；兴许在某一天，它会重新焕发出过往的炽热吧。,信物描述
1761,2880.0,生命上限
1762,610.0,攻击值
1763,352.0,防御值
1764,陨星,中文代号
1765,Meteorite,英文代号
1766,メテオリーテ,日文代号
1767,从营救过的萨卡兹孩子那里收到的信。乱七八糟地写着对罗德岛的感谢。,信物描述
1768,865.0,攻击值
1769,116.0,防御值
1770,雪雉,中文代号
1771,Snowsant,英文代号
1772,スノーズント,日文代号
1773,阿澄佳奈,配音
1774,亲手缝制的零钱包，装着一些已经停止流通了的小额硬币。,信物描述
1775,745.0,攻击值
1776,2020-01-09,上线时间
1777,雷蛇,中文代号
1778,Liskarm,英文代号
1779,リスカム,日文代号
1780,瓦伊凡,出生地
1781,特制的防电手环。终于，安全握手。,信物描述
1782,3240.0,生命上限
1783,425.0,攻击值
1784,霜叶,中文代号
1785,Frostleaf,英文代号
1786,フロストリーフ,日文代号
1787,翻得破破烂烂的识字本。每页的空白处都认真地标注着许多图画般的符号。,信物描述
1788,2260.0,生命上限
1789,323.0,防御值
1790,鞭刃,中文代号
1791,Whislash,英文代号
1792,高桥未奈美,配音
1793,卡西米尔金棕银行发行的贵宾信用卡附属卡，额度非常高，在卡西米尔各大城市中均可使用。,信物描述
1794,1757.0,生命上限
1795,584.0,攻击值
1796,420.0,防御值
1797,风笛,中文代号
1798,Bagpipe,英文代号
1799,バグパイプ,日文代号
1800,U介,画师
1801,丰崎爱生,配音
1802,一把红麦。大地孕育生命，生命反哺大地。,信物描述
1803,2484.0,生命上限
1804,586.0,攻击值
1805,食铁兽,中文代号
1806,FEater,英文代号
1807,エフイーター,日文代号
1808,RAN,画师
1809,园崎未惠,配音
1810,一张武打电影海报。主角的长相有些面熟。,信物描述
1811,香草,中文代号
1812,Vanilla,英文代号
1813,バニラ,日文代号
1814,杉浦栞,配音
1815,瓦伊凡边界草原的野生动物分布图。图上的标记在移动城市的轰鸣中渐渐消失。,信物描述
1816,1270.0,生命上限
1817,355.0,攻击值
1818,240.0,防御值
1819,麦哲伦,中文代号
1820,Magallan,英文代号
1821,マゼラン,日文代号
1822,伊瀬茉莉也,配音
1823,一根冰雪覆盖的树枝化石。曾经根植于大地的苍天巨树，如今只剩下这短短一枝，细细诉说着往昔的故事。,信物描述
1824,1103.0,生命上限
1825,469.0,攻击值
1826,140.0,防御值
1827,黑,中文代号
1828,Schwarz,英文代号
1829,シュヴァルツ,日文代号
1830,伊藤静,配音
1831,一把弩。保养得很好，使用起来也十分便捷。但从上面的各种武器划痕和细小缺口中，可以窥见它曾经历过怎样的厮杀。,信物描述
1832,840.0,攻击值
1833,225.0,防御值
1834,黑角,中文代号
1835,Noir Corne,英文代号
1836,ノイルホーン,日文代号
1837,180.0,身高
1838,11.0,体细胞与源石融合率
1839,残留着浓烈岁月痕迹的祭祀面具。空洞的眼眶见证了大地的黎明。,信物描述
1840,1670.0,生命上限
1841,240.0,攻击值
